Time(s),Switch State,V1(V),V2(V),V3(V),Capacitor Voltage(V)
0.000000,OPEN,-5.000000,-0.000000,-0.000000,-0.000000
0.000050,OPEN,-5.000000,-0.000000,-0.000000,-0.000000
0.000100,OPEN,-5.000000,-0.000000,-0.000000,-0.000000
0.000150,OPEN,-5.000000,-0.000000,-0.000000,-0.000000
0.000200,OPEN,-5.000000,-0.000000,-0.000000,-0.000000
0.000250,OPEN,-5.000000,-0.000000,-0.000000,-0.000000
0.000300,OPEN,-5.000000,-0.000000,-0.000000,-0.000000
0.000350,OPEN,-5.000000,-0.000000,-0.000000,-0.000000
0.000400,OPEN,-5.000000,-0.000000,-0.000000,-0.000000
0.000450,OPEN,-5.000000,-0.000000,-0.000000,-0.000000
0.000500,OPEN,-5.000000,-0.000000,-0.000000,-0.000000
0.000550,OPEN,-5.000000,-0.000000,-0.000000,-0.000000
0.000600,OPEN,-5.000000,-0.000000,-0.000000,-0.000000
0.000650,OPEN,-5.000000,-0.000000,-0.000000,-0.000000
0.000700,OPEN,-5.000000,-0.000000,-0.000000,-0.000000
0.000750,OPEN,-5.000000,-0.000000,-0.000000,-0.000000
0.000800,OPEN,-5.000000,-0.000000,-0.000000,-0.000000
0.000850,OPEN,-5.000000,-0.000000,-0.000000,-0.000000
0.000900,OPEN,-5.000000,-0.000000,-0.000000,-0.000000
0.000950,OPEN,-5.000000,-0.000000,-0.000000,-0.000000
0.001000,OPEN,-5.000000,-0.000000,-0.000000,-0.000000
0.001050,OPEN,-5.000000,-0.000000,-0.000000,-0.000000
0.001100,OPEN,-5.000000,-0.000000,-0.000000,-0.000000
0.001150,OPEN,-5.000000,-0.000000,-0.000000,-0.000000
0.001200,OPEN,-5.000000,-0.000000,-0.000000,-0.000000
0.001250,OPEN,-5.000000,-0.000000,-0.000000,-0.000000
0.001300,OPEN,-5.000000,-0.000000,-0.000000,-0.000000
0.001350,OPEN,-5.000000,-0.000000,-0.000000,-0.000000
0.001400,OPEN,-5.000000,-0.000000,-0.000000,-0.000000
0.001450,OPEN,-5.000000,-0.000000,-0.000000,-0.000000
0.001500,OPEN,-5.000000,-0.000000,-0.000000,-0.000000
0.001550,OPEN,-5.000000,-0.000000,-0.000000,-0.000000
0.001600,OPEN,-5.000000,-0.000000,-0.000000,-0.000000
0.001650,OPEN,-5.000000,-0.000000,-0.000000,-0.000000
0.001700,OPEN,-5.000000,-0.000000,-0.000000,-0.000000
0.001750,OPEN,-5.000000,-0.000000,-0.000000,-0.000000
0.001800,OPEN,-5.000000,-0.000000,-0.000000,-0.000000
0.001850,OPEN,-5.000000,-0.000000,-0.000000,-0.000000
0.001900,OPEN,-5.000000,-0.000000,-0.000000,-0.000000
0.001950,OPEN,-5.000000,-0.000000,-0.000000,-0.000000
0.002000,CLOSED,-5.000000,-4.999995,-0.238095,-0.238095
0.002050,CLOSED,-5.000000,-4.999995,-0.464852,-0.464852
0.002100,CLOSED,-5.000000,-4.999996,-0.680811,-0.680811
0.002150,CLOSED,-5.000000,-4.999996,-0.886487,-0.886487
0.002200,CLOSED,-5.000000,-4.999996,-1.082368,-1.082368
0.002250,CLOSED,-5.000000,-4.999996,-1.268922,-1.268922
0.002300,CLOSED,-5.000000,-4.999996,-1.446592,-1.446592
0.002350,CLOSED,-5.000000,-4.999997,-1.615802,-1.615802
0.002400,CLOSED,-5.000000,-4.999997,-1.776954,-1.776954
0.002450,CLOSED,-5.000000,-4.999997,-1.930432,-1.930432
0.002500,CLOSED,-5.000000,-4.999997,-2.076602,-2.076602
0.002550,CLOSED,-5.000000,-4.999997,-2.215811,-2.215811
0.002600,CLOSED,-5.000000,-4.999997,-2.348392,-2.348392
0.002650,CLOSED,-5.000000,-4.999997,-2.474659,-2.474659
0.002700,CLOSED,-5.000000,-4.999998,-2.594913,-2.594913
0.002750,CLOSED,-5.000000,-4.999998,-2.709441,-2.709441
0.002800,CLOSED,-5.000000,-4.999998,-2.818515,-2.818515
0.002850,CLOSED,-5.000000,-4.999998,-2.922395,-2.922395
0.002900,CLOSED,-5.000000,-4.999998,-3.021328,-3.021328
0.002950,CLOSED,-5.000000,-4.999998,-3.115551,-3.115551
0.003000,CLOSED,-5.000000,-4.999998,-3.205286,-3.205286
0.003050,CLOSED,-5.000000,-4.999998,-3.290749,-3.290749
0.003100,CLOSED,-5.000000,-4.999998,-3.372142,-3.372142
0.003150,CLOSED,-5.000000,-4.999998,-3.449659,-3.449659
0.003200,CLOSED,-5.000000,-4.999999,-3.523484,-3.523484
0.003250,CLOSED,-5.000000,-4.999999,-3.593795,-3.593795
0.003300,CLOSED,-5.000000,-4.999999,-3.660757,-3.660757
0.003350,CLOSED,-5.000000,-4.999999,-3.724530,-3.724530
0.003400,CLOSED,-5.000000,-4.999999,-3.785267,-3.785267
0.003450,CLOSED,-5.000000,-4.999999,-3.843111,-3.843111
0.003500,CLOSED,-5.000000,-4.999999,-3.898201,-3.898201
0.003550,CLOSED,-5.000000,-4.999999,-3.950668,-3.950668
0.003600,CLOSED,-5.000000,-4.999999,-4.000636,-4.000636
0.003650,CLOSED,-5.000000,-4.999999,-4.048224,-4.048224
0.003700,CLOSED,-5.000000,-4.999999,-4.093547,-4.093547
0.003750,CLOSED,-5.000000,-4.999999,-4.136711,-4.136711
0.003800,CLOSED,-5.000000,-4.999999,-4.177820,-4.177820
0.003850,CLOSED,-5.000000,-4.999999,-4.216972,-4.216972
0.003900,CLOSED,-5.000000,-4.999999,-4.254259,-4.254259
0.003950,CLOSED,-5.000000,-4.999999,-4.289770,-4.289770
0.004000,CLOSED,-5.000000,-4.999999,-4.323591,-4.323591
0.004050,CLOSED,-5.000000,-4.999999,-4.355801,-4.355801
0.004100,CLOSED,-5.000000,-4.999999,-4.386477,-4.386477
0.004150,CLOSED,-5.000000,-4.999999,-4.415692,-4.415692
0.004200,CLOSED,-5.000000,-4.999999,-4.443516,-4.443516
0.004250,CLOSED,-5.000000,-4.999999,-4.470015,-4.470015
0.004300,CLOSED,-5.000000,-4.999999,-4.495253,-4.495253
0.004350,CLOSED,-5.000000,-5.000000,-4.519288,-4.519288
0.004400,CLOSED,-5.000000,-5.000000,-4.542179,-4.542179
0.004450,CLOSED,-5.000000,-5.000000,-4.563980,-4.563980
0.004500,CLOSED,-5.000000,-5.000000,-4.584743,-4.584743
0.004550,CLOSED,-5.000000,-5.000000,-4.604517,-4.604517
0.004600,CLOSED,-5.000000,-5.000000,-4.623350,-4.623350
0.004650,CLOSED,-5.000000,-5.000000,-4.641285,-4.641285
0.004700,CLOSED,-5.000000,-5.000000,-4.658367,-4.658367
0.004750,CLOSED,-5.000000,-5.000000,-4.674635,-4.674635
0.004800,CLOSED,-5.000000,-5.000000,-4.690129,-4.690129
0.004850,CLOSED,-5.000000,-5.000000,-4.704885,-4.704885
0.004900,CLOSED,-5.000000,-5.000000,-4.718938,-4.718938
0.004950,CLOSED,-5.000000,-5.000000,-4.732322,-4.732322
0.005000,OPEN,-5.000000,-4.732322,-4.732322,-4.732322
0.005050,OPEN,-5.000000,-4.732322,-4.732322,-4.732322
0.005100,OPEN,-5.000000,-4.732322,-4.732322,-4.732322
0.005150,OPEN,-5.000000,-4.732322,-4.732322,-4.732322
0.005200,OPEN,-5.000000,-4.732322,-4.732322,-4.732322
0.005250,OPEN,-5.000000,-4.732322,-4.732322,-4.732322
0.005300,OPEN,-5.000000,-4.732322,-4.732322,-4.732322
0.005350,OPEN,-5.000000,-4.732322,-4.732322,-4.732322
0.005400,OPEN,-5.000000,-4.732322,-4.732322,-4.732322
0.005450,OPEN,-5.000000,-4.732322,-4.732322,-4.732322
0.005500,OPEN,-5.000000,-4.732322,-4.732322,-4.732322
0.005550,OPEN,-5.000000,-4.732322,-4.732322,-4.732322
0.005600,OPEN,-5.000000,-4.732322,-4.732322,-4.732322
0.005650,OPEN,-5.000000,-4.732322,-4.732322,-4.732322
0.005700,OPEN,-5.000000,-4.732322,-4.732322,-4.732322
0.005750,OPEN,-5.000000,-4.732322,-4.732322,-4.732322
0.005800,OPEN,-5.000000,-4.732322,-4.732322,-4.732322
0.005850,OPEN,-5.000000,-4.732322,-4.732322,-4.732322
0.005900,OPEN,-5.000000,-4.732322,-4.732322,-4.732322
0.005950,OPEN,-5.000000,-4.732322,-4.732322,-4.732322
0.006000,OPEN,-5.000000,-4.732322,-4.732322,-4.732322
0.006050,OPEN,-5.000000,-4.732322,-4.732322,-4.732322
0.006100,OPEN,-5.000000,-4.732322,-4.732322,-4.732322
0.006150,OPEN,-5.000000,-4.732322,-4.732322,-4.732322
0.006200,OPEN,-5.000000,-4.732322,-4.732322,-4.732322
0.006250,OPEN,-5.000000,-4.732322,-4.732322,-4.732322
0.006300,OPEN,-5.000000,-4.732322,-4.732322,-4.732322
0.006350,OPEN,-5.000000,-4.732322,-4.732322,-4.732322
0.006400,OPEN,-5.000000,-4.732322,-4.732322,-4.732322
0.006450,OPEN,-5.000000,-4.732322,-4.732322,-4.732322
0.006500,OPEN,-5.000000,-4.732322,-4.732322,-4.732322
0.006550,OPEN,-5.000000,-4.732322,-4.732322,-4.732322
0.006600,OPEN,-5.000000,-4.732322,-4.732322,-4.732322
0.006650,OPEN,-5.000000,-4.732322,-4.732322,-4.732322
0.006700,OPEN,-5.000000,-4.732322,-4.732322,-4.732322
0.006750,OPEN,-5.000000,-4.732322,-4.732322,-4.732322
0.006800,OPEN,-5.000000,-4.732322,-4.732322,-4.732322
0.006850,OPEN,-5.000000,-4.732322,-4.732322,-4.732322
0.006900,OPEN,-5.000000,-4.732322,-4.732322,-4.732322
0.006950,OPEN,-5.000000,-4.732322,-4.732322,-4.732322
0.007000,OPEN,-5.000000,-4.732322,-4.732322,-4.732322
0.007050,OPEN,-5.000000,-4.732322,-4.732322,-4.732322
0.007100,OPEN,-5.000000,-4.732322,-4.732322,-4.732322
0.007150,OPEN,-5.000000,-4.732322,-4.732322,-4.732322
0.007200,OPEN,-5.000000,-4.732322,-4.732322,-4.732322
0.007250,OPEN,-5.000000,-4.732322,-4.732322,-4.732322
0.007300,OPEN,-5.000000,-4.732322,-4.732322,-4.732322
0.007350,OPEN,-5.000000,-4.732322,-4.732322,-4.732322
0.007400,OPEN,-5.000000,-4.732322,-4.732322,-4.732322
0.007450,OPEN,-5.000000,-4.732322,-4.732322,-4.732322
0.007500,OPEN,-5.000000,-4.732322,-4.732322,-4.732322
0.007550,OPEN,-5.000000,-4.732322,-4.732322,-4.732322
0.007600,OPEN,-5.000000,-4.732322,-4.732322,-4.732322
0.007650,OPEN,-5.000000,-4.732322,-4.732322,-4.732322
0.007700,OPEN,-5.000000,-4.732322,-4.732322,-4.732322
0.007750,OPEN,-5.000000,-4.732322,-4.732322,-4.732322
0.007800,OPEN,-5.000000,-4.732322,-4.732322,-4.732322
0.007850,OPEN,-5.000000,-4.732322,-4.732322,-4.732322
0.007900,OPEN,-5.000000,-4.732322,-4.732322,-4.732322
0.007950,OPEN,-5.000000,-4.732322,-4.732322,-4.732322
0.008000,OPEN,-5.000000,-4.732322,-4.732322,-4.732322
0.008050,OPEN,-5.000000,-4.732322,-4.732322,-4.732322
0.008100,OPEN,-5.000000,-4.732322,-4.732322,-4.732322
0.008150,OPEN,-5.000000,-4.732322,-4.732322,-4.732322
0.008200,OPEN,-5.000000,-4.732322,-4.732322,-4.732322
0.008250,OPEN,-5.000000,-4.732322,-4.732322,-4.732322
0.008300,OPEN,-5.000000,-4.732322,-4.732322,-4.732322
0.008350,OPEN,-5.000000,-4.732322,-4.732322,-4.732322
0.008400,OPEN,-5.000000,-4.732322,-4.732322,-4.732322
0.008450,OPEN,-5.000000,-4.732322,-4.732322,-4.732322
0.008500,OPEN,-5.000000,-4.732322,-4.732322,-4.732322
0.008550,OPEN,-5.000000,-4.732322,-4.732322,-4.732322
0.008600,OPEN,-5.000000,-4.732322,-4.732322,-4.732322
0.008650,OPEN,-5.000000,-4.732322,-4.732322,-4.732322
0.008700,OPEN,-5.000000,-4.732322,-4.732322,-4.732322
0.008750,OPEN,-5.000000,-4.732322,-4.732322,-4.732322
0.008800,OPEN,-5.000000,-4.732322,-4.732322,-4.732322
0.008850,OPEN,-5.000000,-4.732322,-4.732322,-4.732322
0.008900,OPEN,-5.000000,-4.732322,-4.732322,-4.732322
0.008950,OPEN,-5.000000,-4.732322,-4.732322,-4.732322
0.009000,OPEN,-5.000000,-4.732322,-4.732322,-4.732322
0.009050,OPEN,-5.000000,-4.732322,-4.732322,-4.732322
0.009100,OPEN,-5.000000,-4.732322,-4.732322,-4.732322
0.009150,OPEN,-5.000000,-4.732322,-4.732322,-4.732322
0.009200,OPEN,-5.000000,-4.732322,-4.732322,-4.732322
0.009250,OPEN,-5.000000,-4.732322,-4.732322,-4.732322
0.009300,OPEN,-5.000000,-4.732322,-4.732322,-4.732322
0.009350,OPEN,-5.000000,-4.732322,-4.732322,-4.732322
0.009400,OPEN,-5.000000,-4.732322,-4.732322,-4.732322
0.009450,OPEN,-5.000000,-4.732322,-4.732322,-4.732322
0.009500,OPEN,-5.000000,-4.732322,-4.732322,-4.732322
0.009550,OPEN,-5.000000,-4.732322,-4.732322,-4.732322
0.009600,OPEN,-5.000000,-4.732322,-4.732322,-4.732322
0.009650,OPEN,-5.000000,-4.732322,-4.732322,-4.732322
0.009700,OPEN,-5.000000,-4.732322,-4.732322,-4.732322
0.009750,OPEN,-5.000000,-4.732322,-4.732322,-4.732322
0.009800,OPEN,-5.000000,-4.732322,-4.732322,-4.732322
0.009850,OPEN,-5.000000,-4.732322,-4.732322,-4.732322
0.009900,OPEN,-5.000000,-4.732322,-4.732322,-4.732322
0.009950,OPEN,-5.000000,-4.732322,-4.732322,-4.732322
0.010000,CLOSED,-5.000000,-5.000000,-4.745068,-4.745068
0.010050,CLOSED,-5.000000,-5.000000,-4.757208,-4.757208
0.010100,CLOSED,-5.000000,-5.000000,-4.768769,-4.768769
0.010150,CLOSED,-5.000000,-5.000000,-4.779780,-4.779780
0.010200,CLOSED,-5.000000,-5.000000,-4.790267,-4.790267
0.010250,CLOSED,-5.000000,-5.000000,-4.800254,-4.800254
0.010300,CLOSED,-5.000000,-5.000000,-4.809766,-4.809766
0.010350,CLOSED,-5.000000,-5.000000,-4.818825,-4.818825
0.010400,CLOSED,-5.000000,-5.000000,-4.827452,-4.827452
0.010450,CLOSED,-5.000000,-5.000000,-4.835669,-4.835669
0.010500,CLOSED,-5.000000,-5.000000,-4.843494,-4.843494
0.010550,CLOSED,-5.000000,-5.000000,-4.850947,-4.850947
0.010600,CLOSED,-5.000000,-5.000000,-4.858044,-4.858044
0.010650,CLOSED,-5.000000,-5.000000,-4.864804,-4.864804
0.010700,CLOSED,-5.000000,-5.000000,-4.871242,-4.871242
0.010750,CLOSED,-5.000000,-5.000000,-4.877373,-4.877373
0.010800,CLOSED,-5.000000,-5.000000,-4.883213,-4.883213
0.010850,CLOSED,-5.000000,-5.000000,-4.888774,-4.888774
0.010900,CLOSED,-5.000000,-5.000000,-4.894070,-4.894070
0.010950,CLOSED,-5.000000,-5.000000,-4.899115,-4.899115
0.011000,CLOSED,-5.000000,-5.000000,-4.903919,-4.903919
0.011050,CLOSED,-5.000000,-5.000000,-4.908494,-4.908494
0.011100,CLOSED,-5.000000,-5.000000,-4.912852,-4.912852
0.011150,CLOSED,-5.000000,-5.000000,-4.917001,-4.917001
0.011200,CLOSED,-5.000000,-5.000000,-4.920954,-4.920954
0.011250,CLOSED,-5.000000,-5.000000,-4.924718,-4.924718
0.011300,CLOSED,-5.000000,-5.000000,-4.928303,-4.928303
0.011350,CLOSED,-5.000000,-5.000000,-4.931717,-4.931717
0.011400,CLOSED,-5.000000,-5.000000,-4.934968,-4.934968
0.011450,CLOSED,-5.000000,-5.000000,-4.938065,-4.938065
0.011500,CLOSED,-5.000000,-5.000000,-4.941014,-4.941014
0.011550,CLOSED,-5.000000,-5.000000,-4.943823,-4.943823
0.011600,CLOSED,-5.000000,-5.000000,-4.946498,-4.946498
0.011650,CLOSED,-5.000000,-5.000000,-4.949046,-4.949046
0.011700,CLOSED,-5.000000,-5.000000,-4.951472,-4.951472
0.011750,CLOSED,-5.000000,-5.000000,-4.953783,-4.953783
0.011800,CLOSED,-5.000000,-5.000000,-4.955984,-4.955984
0.011850,CLOSED,-5.000000,-5.000000,-4.958080,-4.958080
0.011900,CLOSED,-5.000000,-5.000000,-4.960076,-4.960076
0.011950,CLOSED,-5.000000,-5.000000,-4.961977,-4.961977
0.012000,CLOSED,-5.000000,-5.000000,-4.963788,-4.963788
0.012050,CLOSED,-5.000000,-5.000000,-4.965512,-4.965512
0.012100,CLOSED,-5.000000,-5.000000,-4.967155,-4.967155
0.012150,CLOSED,-5.000000,-5.000000,-4.968719,-4.968719
0.012200,CLOSED,-5.000000,-5.000000,-4.970208,-4.970208
0.012250,CLOSED,-5.000000,-5.000000,-4.971627,-4.971627
0.012300,CLOSED,-5.000000,-5.000000,-4.972978,-4.972978
0.012350,CLOSED,-5.000000,-5.000000,-4.974265,-4.974265
0.012400,CLOSED,-5.000000,-5.000000,-4.975490,-4.975490
0.012450,CLOSED,-5.000000,-5.000000,-4.976657,-4.976657
0.012500,CLOSED,-5.000000,-5.000000,-4.977769,-4.977769
0.012550,CLOSED,-5.000000,-5.000000,-4.978828,-4.978828
0.012600,CLOSED,-5.000000,-5.000000,-4.979836,-4.979836
0.012650,CLOSED,-5.000000,-5.000000,-4.980796,-4.980796
0.012700,CLOSED,-5.000000,-5.000000,-4.981710,-4.981710
0.012750,CLOSED,-5.000000,-5.000000,-4.982581,-4.982581
0.012800,CLOSED,-5.000000,-5.000000,-4.983411,-4.983411
0.012850,CLOSED,-5.000000,-5.000000,-4.984201,-4.984201
0.012900,CLOSED,-5.000000,-5.000000,-4.984953,-4.984953
0.012950,CLOSED,-5.000000,-5.000000,-4.985670,-4.985670
0.013000,CLOSED,-5.000000,-5.000000,-4.986352,-4.986352
0.013050,CLOSED,-5.000000,-5.000000,-4.987002,-4.987002
0.013100,CLOSED,-5.000000,-5.000000,-4.987621,-4.987621
0.013150,CLOSED,-5.000000,-5.000000,-4.988210,-4.988210
0.013200,CLOSED,-5.000000,-5.000000,-4.988772,-4.988772
0.013250,CLOSED,-5.000000,-5.000000,-4.989306,-4.989306
0.013300,CLOSED,-5.000000,-5.000000,-4.989816,-4.989816
0.013350,CLOSED,-5.000000,-5.000000,-4.990301,-4.990301
0.013400,CLOSED,-5.000000,-5.000000,-4.990763,-4.990763
0.013450,CLOSED,-5.000000,-5.000000,-4.991202,-4.991202
0.013500,CLOSED,-5.000000,-5.000000,-4.991621,-4.991621
0.013550,CLOSED,-5.000000,-5.000000,-4.992020,-4.992020
0.013600,CLOSED,-5.000000,-5.000000,-4.992400,-4.992400
0.013650,CLOSED,-5.000000,-5.000000,-4.992762,-4.992762
0.013700,CLOSED,-5.000000,-5.000000,-4.993107,-4.993107
0.013750,CLOSED,-5.000000,-5.000000,-4.993435,-4.993435
0.013800,CLOSED,-5.000000,-5.000000,-4.993748,-4.993748
0.013850,CLOSED,-5.000000,-5.000000,-4.994045,-4.994045
0.013900,CLOSED,-5.000000,-5.000000,-4.994329,-4.994329
0.013950,CLOSED,-5.000000,-5.000000,-4.994599,-4.994599
0.014000,CLOSED,-5.000000,-5.000000,-4.994856,-4.994856
0.014050,CLOSED,-5.000000,-5.000000,-4.995101,-4.995101
0.014100,CLOSED,-5.000000,-5.000000,-4.995334,-4.995334
0.014150,CLOSED,-5.000000,-5.000000,-4.995557,-4.995557
0.014200,CLOSED,-5.000000,-5.000000,-4.995768,-4.995768
0.014250,CLOSED,-5.000000,-5.000000,-4.995970,-4.995970
0.014300,CLOSED,-5.000000,-5.000000,-4.996162,-4.996162
0.014350,CLOSED,-5.000000,-5.000000,-4.996344,-4.996344
0.014400,CLOSED,-5.000000,-5.000000,-4.996518,-4.996518
0.014450,CLOSED,-5.000000,-5.000000,-4.996684,-4.996684
0.014500,CLOSED,-5.000000,-5.000000,-4.996842,-4.996842
0.014550,CLOSED,-5.000000,-5.000000,-4.996993,-4.996993
0.014600,CLOSED,-5.000000,-5.000000,-4.997136,-4.997136
0.014650,CLOSED,-5.000000,-5.000000,-4.997272,-4.997272
0.014700,CLOSED,-5.000000,-5.000000,-4.997402,-4.997402
0.014750,CLOSED,-5.000000,-5.000000,-4.997526,-4.997526
0.014800,CLOSED,-5.000000,-5.000000,-4.997644,-4.997644
0.014850,CLOSED,-5.000000,-5.000000,-4.997756,-4.997756
0.014900,CLOSED,-5.000000,-5.000000,-4.997863,-4.997863
0.014950,CLOSED,-5.000000,-5.000000,-4.997964,-4.997964
0.015000,CLOSED,-5.000000,-5.000000,-4.998061,-4.998061
0.015050,CLOSED,-5.000000,-5.000000,-4.998154,-4.998154
0.015100,CLOSED,-5.000000,-5.000000,-4.998242,-4.998242
0.015150,CLOSED,-5.000000,-5.000000,-4.998325,-4.998325
0.015200,CLOSED,-5.000000,-5.000000,-4.998405,-4.998405
0.015250,CLOSED,-5.000000,-5.000000,-4.998481,-4.998481
0.015300,CLOSED,-5.000000,-5.000000,-4.998553,-4.998553
0.015350,CLOSED,-5.000000,-5.000000,-4.998622,-4.998622
0.015400,CLOSED,-5.000000,-5.000000,-4.998688,-4.998688
0.015450,CLOSED,-5.000000,-5.000000,-4.998750,-4.998750
0.015500,CLOSED,-5.000000,-5.000000,-4.998810,-4.998810
0.015550,CLOSED,-5.000000,-5.000000,-4.998867,-4.998867
0.015600,CLOSED,-5.000000,-5.000000,-4.998920,-4.998920
0.015650,CLOSED,-5.000000,-5.000000,-4.998972,-4.998972
0.015700,CLOSED,-5.000000,-5.000000,-4.999021,-4.999021
0.015750,CLOSED,-5.000000,-5.000000,-4.999067,-4.999067
0.015800,CLOSED,-5.000000,-5.000000,-4.999112,-4.999112
0.015850,CLOSED,-5.000000,-5.000000,-4.999154,-4.999154
0.015900,CLOSED,-5.000000,-5.000000,-4.999194,-4.999194
0.015950,CLOSED,-5.000000,-5.000000,-4.999233,-4.999233
0.016000,CLOSED,-5.000000,-5.000000,-4.999269,-4.999269
0.016050,CLOSED,-5.000000,-5.000000,-4.999304,-4.999304
0.016100,CLOSED,-5.000000,-5.000000,-4.999337,-4.999337
0.016150,CLOSED,-5.000000,-5.000000,-4.999369,-4.999369
0.016200,CLOSED,-5.000000,-5.000000,-4.999399,-4.999399
0.016250,CLOSED,-5.000000,-5.000000,-4.999428,-4.999428
0.016300,CLOSED,-5.000000,-5.000000,-4.999455,-4.999455
0.016350,CLOSED,-5.000000,-5.000000,-4.999481,-4.999481
0.016400,CLOSED,-5.000000,-5.000000,-4.999505,-4.999505
0.016450,CLOSED,-5.000000,-5.000000,-4.999529,-4.999529
0.016500,CLOSED,-5.000000,-5.000000,-4.999551,-4.999551
0.016550,CLOSED,-5.000000,-5.000000,-4.999573,-4.999573
0.016600,CLOSED,-5.000000,-5.000000,-4.999593,-4.999593
0.016650,CLOSED,-5.000000,-5.000000,-4.999613,-4.999613
0.016700,CLOSED,-5.000000,-5.000000,-4.999631,-4.999631
0.016750,CLOSED,-5.000000,-5.000000,-4.999649,-4.999649
0.016800,CLOSED,-5.000000,-5.000000,-4.999665,-4.999665
0.016850,CLOSED,-5.000000,-5.000000,-4.999681,-4.999681
0.016900,CLOSED,-5.000000,-5.000000,-4.999696,-4.999696
0.016950,CLOSED,-5.000000,-5.000000,-4.999711,-4.999711
0.017000,CLOSED,-5.000000,-5.000000,-4.999725,-4.999725
0.017050,CLOSED,-5.000000,-5.000000,-4.999738,-4.999738
0.017100,CLOSED,-5.000000,-5.000000,-4.999750,-4.999750
0.017150,CLOSED,-5.000000,-5.000000,-4.999762,-4.999762
0.017200,CLOSED,-5.000000,-5.000000,-4.999773,-4.999773
0.017250,CLOSED,-5.000000,-5.000000,-4.999784,-4.999784
0.017300,CLOSED,-5.000000,-5.000000,-4.999795,-4.999795
0.017350,CLOSED,-5.000000,-5.000000,-4.999804,-4.999804
0.017400,CLOSED,-5.000000,-5.000000,-4.999814,-4.999814
0.017450,CLOSED,-5.000000,-5.000000,-4.999822,-4.999822
0.017500,CLOSED,-5.000000,-5.000000,-4.999831,-4.999831
0.017550,CLOSED,-5.000000,-5.000000,-4.999839,-4.999839
0.017600,CLOSED,-5.000000,-5.000000,-4.999847,-4.999847
0.017650,CLOSED,-5.000000,-5.000000,-4.999854,-4.999854
0.017700,CLOSED,-5.000000,-5.000000,-4.999861,-4.999861
0.017750,CLOSED,-5.000000,-5.000000,-4.999868,-4.999868
0.017800,CLOSED,-5.000000,-5.000000,-4.999874,-4.999874
0.017850,CLOSED,-5.000000,-5.000000,-4.999880,-4.999880
0.017900,CLOSED,-5.000000,-5.000000,-4.999886,-4.999886
0.017950,CLOSED,-5.000000,-5.000000,-4.999891,-4.999891
0.018000,CLOSED,-5.000000,-5.000000,-4.999896,-4.999896
0.018050,CLOSED,-5.000000,-5.000000,-4.999901,-4.999901
0.018100,CLOSED,-5.000000,-5.000000,-4.999906,-4.999906
0.018150,CLOSED,-5.000000,-5.000000,-4.999910,-4.999910
0.018200,CLOSED,-5.000000,-5.000000,-4.999915,-4.999915
0.018250,CLOSED,-5.000000,-5.000000,-4.999919,-4.999919
0.018300,CLOSED,-5.000000,-5.000000,-4.999923,-4.999923
0.018350,CLOSED,-5.000000,-5.000000,-4.999926,-4.999926
0.018400,CLOSED,-5.000000,-5.000000,-4.999930,-4.999930
0.018450,CLOSED,-5.000000,-5.000000,-4.999933,-4.999933
0.018500,CLOSED,-5.000000,-5.000000,-4.999936,-4.999936
0.018550,CLOSED,-5.000000,-5.000000,-4.999939,-4.999939
0.018600,CLOSED,-5.000000,-5.000000,-4.999942,-4.999942
0.018650,CLOSED,-5.000000,-5.000000,-4.999945,-4.999945
0.018700,CLOSED,-5.000000,-5.000000,-4.999948,-4.999948
0.018750,CLOSED,-5.000000,-5.000000,-4.999950,-4.999950
0.018800,CLOSED,-5.000000,-5.000000,-4.999952,-4.999952
0.018850,CLOSED,-5.000000,-5.000000,-4.999955,-4.999955
0.018900,CLOSED,-5.000000,-5.000000,-4.999957,-4.999957
0.018950,CLOSED,-5.000000,-5.000000,-4.999959,-4.999959
0.019000,CLOSED,-5.000000,-5.000000,-4.999961,-4.999961
0.019050,CLOSED,-5.000000,-5.000000,-4.999963,-4.999963
0.019100,CLOSED,-5.000000,-5.000000,-4.999965,-4.999965
0.019150,CLOSED,-5.000000,-5.000000,-4.999966,-4.999966
0.019200,CLOSED,-5.000000,-5.000000,-4.999968,-4.999968
0.019250,CLOSED,-5.000000,-5.000000,-4.999969,-4.999969
0.019300,CLOSED,-5.000000,-5.000000,-4.999971,-4.999971
0.019350,CLOSED,-5.000000,-5.000000,-4.999972,-4.999972
0.019400,CLOSED,-5.000000,-5.000000,-4.999974,-4.999974
0.019450,CLOSED,-5.000000,-5.000000,-4.999975,-4.999975
0.019500,CLOSED,-5.000000,-5.000000,-4.999976,-4.999976
0.019550,CLOSED,-5.000000,-5.000000,-4.999977,-4.999977
0.019600,CLOSED,-5.000000,-5.000000,-4.999978,-4.999978
0.019650,CLOSED,-5.000000,-5.000000,-4.999979,-4.999979
0.019700,CLOSED,-5.000000,-5.000000,-4.999980,-4.999980
0.019750,CLOSED,-5.000000,-5.000000,-4.999981,-4.999981
0.019800,CLOSED,-5.000000,-5.000000,-4.999982,-4.999982
0.019850,CLOSED,-5.000000,-5.000000,-4.999983,-4.999983
0.019900,CLOSED,-5.000000,-5.000000,-4.999984,-4.999984
0.019950,CLOSED,-5.000000,-5.000000,-4.999985,-4.999985
0.020000,CLOSED,-5.000000,-5.000000,-4.999985,-4.999985
0.020050,CLOSED,-5.000000,-5.000000,-4.999986,-4.999986
0.020100,CLOSED,-5.000000,-5.000000,-4.999987,-4.999987
0.020150,CLOSED,-5.000000,-5.000000,-4.999987,-4.999987
0.020200,CLOSED,-5.000000,-5.000000,-4.999988,-4.999988
0.020250,CLOSED,-5.000000,-5.000000,-4.999988,-4.999988
0.020300,CLOSED,-5.000000,-5.000000,-4.999989,-4.999989
0.020350,CLOSED,-5.000000,-5.000000,-4.999990,-4.999990
0.020400,CLOSED,-5.000000,-5.000000,-4.999990,-4.999990
0.020450,CLOSED,-5.000000,-5.000000,-4.999990,-4.999990
0.020500,CLOSED,-5.000000,-5.000000,-4.999991,-4.999991
0.020550,CLOSED,-5.000000,-5.000000,-4.999991,-4.999991
0.020600,CLOSED,-5.000000,-5.000000,-4.999992,-4.999992
0.020650,CLOSED,-5.000000,-5.000000,-4.999992,-4.999992
0.020700,CLOSED,-5.000000,-5.000000,-4.999993,-4.999993
0.020750,CLOSED,-5.000000,-5.000000,-4.999993,-4.999993
0.020800,CLOSED,-5.000000,-5.000000,-4.999993,-4.999993
0.020850,CLOSED,-5.000000,-5.000000,-4.999994,-4.999994
0.020900,CLOSED,-5.000000,-5.000000,-4.999994,-4.999994
0.020950,CLOSED,-5.000000,-5.000000,-4.999994,-4.999994
0.021000,CLOSED,-5.000000,-5.000000,-4.999994,-4.999994
0.021050,CLOSED,-5.000000,-5.000000,-4.999995,-4.999995
0.021100,CLOSED,-5.000000,-5.000000,-4.999995,-4.999995
0.021150,CLOSED,-5.000000,-5.000000,-4.999995,-4.999995
0.021200,CLOSED,-5.000000,-5.000000,-4.999995,-4.999995
0.021250,CLOSED,-5.000000,-5.000000,-4.999996,-4.999996
0.021300,CLOSED,-5.000000,-5.000000,-4.999996,-4.999996
0.021350,CLOSED,-5.000000,-5.000000,-4.999996,-4.999996
0.021400,CLOSED,-5.000000,-5.000000,-4.999996,-4.999996
0.021450,CLOSED,-5.000000,-5.000000,-4.999996,-4.999996
0.021500,CLOSED,-5.000000,-5.000000,-4.999997,-4.999997
0.021550,CLOSED,-5.000000,-5.000000,-4.999997,-4.999997
0.021600,CLOSED,-5.000000,-5.000000,-4.999997,-4.999997
0.021650,CLOSED,-5.000000,-5.000000,-4.999997,-4.999997
0.021700,CLOSED,-5.000000,-5.000000,-4.999997,-4.999997
0.021750,CLOSED,-5.000000,-5.000000,-4.999997,-4.999997
0.021800,CLOSED,-5.000000,-5.000000,-4.999997,-4.999997
0.021850,CLOSED,-5.000000,-5.000000,-4.999998,-4.999998
0.021900,CLOSED,-5.000000,-5.000000,-4.999998,-4.999998
0.021950,CLOSED,-5.000000,-5.000000,-4.999998,-4.999998
0.022000,CLOSED,-5.000000,-5.000000,-4.999998,-4.999998
0.022050,CLOSED,-5.000000,-5.000000,-4.999998,-4.999998
0.022100,CLOSED,-5.000000,-5.000000,-4.999998,-4.999998
0.022150,CLOSED,-5.000000,-5.000000,-4.999998,-4.999998
0.022200,CLOSED,-5.000000,-5.000000,-4.999998,-4.999998
0.022250,CLOSED,-5.000000,-5.000000,-4.999998,-4.999998
0.022300,CLOSED,-5.000000,-5.000000,-4.999998,-4.999998
0.022350,CLOSED,-5.000000,-5.000000,-4.999999,-4.999999
0.022400,CLOSED,-5.000000,-5.000000,-4.999999,-4.999999
0.022450,CLOSED,-5.000000,-5.000000,-4.999999,-4.999999
0.022500,CLOSED,-5.000000,-5.000000,-4.999999,-4.999999
0.022550,CLOSED,-5.000000,-5.000000,-4.999999,-4.999999
0.022600,CLOSED,-5.000000,-5.000000,-4.999999,-4.999999
0.022650,CLOSED,-5.000000,-5.000000,-4.999999,-4.999999
0.022700,CLOSED,-5.000000,-5.000000,-4.999999,-4.999999
0.022750,CLOSED,-5.000000,-5.000000,-4.999999,-4.999999
0.022800,CLOSED,-5.000000,-5.000000,-4.999999,-4.999999
0.022850,CLOSED,-5.000000,-5.000000,-4.999999,-4.999999
0.022900,CLOSED,-5.000000,-5.000000,-4.999999,-4.999999
0.022950,CLOSED,-5.000000,-5.000000,-4.999999,-4.999999
0.023000,CLOSED,-5.000000,-5.000000,-4.999999,-4.999999
0.023050,CLOSED,-5.000000,-5.000000,-4.999999,-4.999999
0.023100,CLOSED,-5.000000,-5.000000,-4.999999,-4.999999
0.023150,CLOSED,-5.000000,-5.000000,-4.999999,-4.999999
0.023200,CLOSED,-5.000000,-5.000000,-4.999999,-4.999999
0.023250,CLOSED,-5.000000,-5.000000,-4.999999,-4.999999
0.023300,CLOSED,-5.000000,-5.000000,-4.999999,-4.999999
0.023350,CLOSED,-5.000000,-5.000000,-4.999999,-4.999999
0.023400,CLOSED,-5.000000,-5.000000,-4.999999,-4.999999
0.023450,CLOSED,-5.000000,-5.000000,-4.999999,-4.999999
0.023500,CLOSED,-5.000000,-5.000000,-5.000000,-5.000000
0.023550,CLOSED,-5.000000,-5.000000,-5.000000,-5.000000
0.023600,CLOSED,-5.000000,-5.000000,-5.000000,-5.000000
0.023650,CLOSED,-5.000000,-5.000000,-5.000000,-5.000000
0.023700,CLOSED,-5.000000,-5.000000,-5.000000,-5.000000
0.023750,CLOSED,-5.000000,-5.000000,-5.000000,-5.000000
0.023800,CLOSED,-5.000000,-5.000000,-5.000000,-5.000000
0.023850,CLOSED,-5.000000,-5.000000,-5.000000,-5.000000
0.023900,CLOSED,-5.000000,-5.000000,-5.000000,-5.000000
0.023950,CLOSED,-5.000000,-5.000000,-5.000000,-5.000000
0.024000,CLOSED,-5.000000,-5.000000,-5.000000,-5.000000
0.024050,CLOSED,-5.000000,-5.000000,-5.000000,-5.000000
0.024100,CLOSED,-5.000000,-5.000000,-5.000000,-5.000000
0.024150,CLOSED,-5.000000,-5.000000,-5.000000,-5.000000
0.024200,CLOSED,-5.000000,-5.000000,-5.000000,-5.000000
0.024250,CLOSED,-5.000000,-5.000000,-5.000000,-5.000000
0.024300,CLOSED,-5.000000,-5.000000,-5.000000,-5.000000
0.024350,CLOSED,-5.000000,-5.000000,-5.000000,-5.000000
0.024400,CLOSED,-5.000000,-5.000000,-5.000000,-5.000000
0.024450,CLOSED,-5.000000,-5.000000,-5.000000,-5.000000
0.024500,CLOSED,-5.000000,-5.000000,-5.000000,-5.000000
0.024550,CLOSED,-5.000000,-5.000000,-5.000000,-5.000000
0.024600,CLOSED,-5.000000,-5.000000,-5.000000,-5.000000
0.024650,CLOSED,-5.000000,-5.000000,-5.000000,-5.000000
0.024700,CLOSED,-5.000000,-5.000000,-5.000000,-5.000000
0.024750,CLOSED,-5.000000,-5.000000,-5.000000,-5.000000
0.024800,CLOSED,-5.000000,-5.000000,-5.000000,-5.000000
0.024850,CLOSED,-5.000000,-5.000000,-5.000000,-5.000000
0.024900,CLOSED,-5.000000,-5.000000,-5.000000,-5.000000
0.024950,CLOSED,-5.000000,-5.000000,-5.000000,-5.000000
0.025000,CLOSED,-5.000000,-5.000000,-5.000000,-5.000000
0.025050,CLOSED,-5.000000,-5.000000,-5.000000,-5.000000
0.025100,CLOSED,-5.000000,-5.000000,-5.000000,-5.000000
0.025150,CLOSED,-5.000000,-5.000000,-5.000000,-5.000000
0.025200,CLOSED,-5.000000,-5.000000,-5.000000,-5.000000
0.025250,CLOSED,-5.000000,-5.000000,-5.000000,-5.000000
0.025300,CLOSED,-5.000000,-5.000000,-5.000000,-5.000000
0.025350,CLOSED,-5.000000,-5.000000,-5.000000,-5.000000
0.025400,CLOSED,-5.000000,-5.000000,-5.000000,-5.000000
0.025450,CLOSED,-5.000000,-5.000000,-5.000000,-5.000000
0.025500,CLOSED,-5.000000,-5.000000,-5.000000,-5.000000
0.025550,CLOSED,-5.000000,-5.000000,-5.000000,-5.000000
0.025600,CLOSED,-5.000000,-5.000000,-5.000000,-5.000000
0.025650,CLOSED,-5.000000,-5.000000,-5.000000,-5.000000
0.025700,CLOSED,-5.000000,-5.000000,-5.000000,-5.000000
0.025750,CLOSED,-5.000000,-5.000000,-5.000000,-5.000000
0.025800,CLOSED,-5.000000,-5.000000,-5.000000,-5.000000
0.025850,CLOSED,-5.000000,-5.000000,-5.000000,-5.000000
0.025900,CLOSED,-5.000000,-5.000000,-5.000000,-5.000000
0.025950,CLOSED,-5.000000,-5.000000,-5.000000,-5.000000
0.026000,CLOSED,-5.000000,-5.000000,-5.000000,-5.000000
0.026050,CLOSED,-5.000000,-5.000000,-5.000000,-5.000000
0.026100,CLOSED,-5.000000,-5.000000,-5.000000,-5.000000
0.026150,CLOSED,-5.000000,-5.000000,-5.000000,-5.000000
0.026200,CLOSED,-5.000000,-5.000000,-5.000000,-5.000000
0.026250,CLOSED,-5.000000,-5.000000,-5.000000,-5.000000
0.026300,CLOSED,-5.000000,-5.000000,-5.000000,-5.000000
0.026350,CLOSED,-5.000000,-5.000000,-5.000000,-5.000000
0.026400,CLOSED,-5.000000,-5.000000,-5.000000,-5.000000
0.026450,CLOSED,-5.000000,-5.000000,-5.000000,-5.000000
0.026500,CLOSED,-5.000000,-5.000000,-5.000000,-5.000000
0.026550,CLOSED,-5.000000,-5.000000,-5.000000,-5.000000
0.026600,CLOSED,-5.000000,-5.000000,-5.000000,-5.000000
0.026650,CLOSED,-5.000000,-5.000000,-5.000000,-5.000000
0.026700,CLOSED,-5.000000,-5.000000,-5.000000,-5.000000
0.026750,CLOSED,-5.000000,-5.000000,-5.000000,-5.000000
0.026800,CLOSED,-5.000000,-5.000000,-5.000000,-5.000000
0.026850,CLOSED,-5.000000,-5.000000,-5.000000,-5.000000
0.026900,CLOSED,-5.000000,-5.000000,-5.000000,-5.000000
0.026950,CLOSED,-5.000000,-5.000000,-5.000000,-5.000000
0.027000,CLOSED,-5.000000,-5.000000,-5.000000,-5.000000
0.027050,CLOSED,-5.000000,-5.000000,-5.000000,-5.000000
0.027100,CLOSED,-5.000000,-5.000000,-5.000000,-5.000000
0.027150,CLOSED,-5.000000,-5.000000,-5.000000,-5.000000
0.027200,CLOSED,-5.000000,-5.000000,-5.000000,-5.000000
0.027250,CLOSED,-5.000000,-5.000000,-5.000000,-5.000000
0.027300,CLOSED,-5.000000,-5.000000,-5.000000,-5.000000
0.027350,CLOSED,-5.000000,-5.000000,-5.000000,-5.000000
0.027400,CLOSED,-5.000000,-5.000000,-5.000000,-5.000000
0.027450,CLOSED,-5.000000,-5.000000,-5.000000,-5.000000
0.027500,CLOSED,-5.000000,-5.000000,-5.000000,-5.000000
0.027550,CLOSED,-5.000000,-5.000000,-5.000000,-5.000000
0.027600,CLOSED,-5.000000,-5.000000,-5.000000,-5.000000
0.027650,CLOSED,-5.000000,-5.000000,-5.000000,-5.000000
0.027700,CLOSED,-5.000000,-5.000000,-5.000000,-5.000000
0.027750,CLOSED,-5.000000,-5.000000,-5.000000,-5.000000
0.027800,CLOSED,-5.000000,-5.000000,-5.000000,-5.000000
0.027850,CLOSED,-5.000000,-5.000000,-5.000000,-5.000000
0.027900,CLOSED,-5.000000,-5.000000,-5.000000,-5.000000
0.027950,CLOSED,-5.000000,-5.000000,-5.000000,-5.000000
0.028000,CLOSED,-5.000000,-5.000000,-5.000000,-5.000000
0.028050,CLOSED,-5.000000,-5.000000,-5.000000,-5.000000
0.028100,CLOSED,-5.000000,-5.000000,-5.000000,-5.000000
0.028150,CLOSED,-5.000000,-5.000000,-5.000000,-5.000000
0.028200,CLOSED,-5.000000,-5.000000,-5.000000,-5.000000
0.028250,CLOSED,-5.000000,-5.000000,-5.000000,-5.000000
0.028300,CLOSED,-5.000000,-5.000000,-5.000000,-5.000000
0.028350,CLOSED,-5.000000,-5.000000,-5.000000,-5.000000
0.028400,CLOSED,-5.000000,-5.000000,-5.000000,-5.000000
0.028450,CLOSED,-5.000000,-5.000000,-5.000000,-5.000000
0.028500,CLOSED,-5.000000,-5.000000,-5.000000,-5.000000
0.028550,CLOSED,-5.000000,-5.000000,-5.000000,-5.000000
0.028600,CLOSED,-5.000000,-5.000000,-5.000000,-5.000000
0.028650,CLOSED,-5.000000,-5.000000,-5.000000,-5.000000
0.028700,CLOSED,-5.000000,-5.000000,-5.000000,-5.000000
0.028750,CLOSED,-5.000000,-5.000000,-5.000000,-5.000000
0.028800,CLOSED,-5.000000,-5.000000,-5.000000,-5.000000
0.028850,CLOSED,-5.000000,-5.000000,-5.000000,-5.000000
0.028900,CLOSED,-5.000000,-5.000000,-5.000000,-5.000000
0.028950,CLOSED,-5.000000,-5.000000,-5.000000,-5.000000
0.029000,CLOSED,-5.000000,-5.000000,-5.000000,-5.000000
0.029050,CLOSED,-5.000000,-5.000000,-5.000000,-5.000000
0.029100,CLOSED,-5.000000,-5.000000,-5.000000,-5.000000
0.029150,CLOSED,-5.000000,-5.000000,-5.000000,-5.000000
0.029200,CLOSED,-5.000000,-5.000000,-5.000000,-5.000000
0.029250,CLOSED,-5.000000,-5.000000,-5.000000,-5.000000
0.029300,CLOSED,-5.000000,-5.000000,-5.000000,-5.000000
0.029350,CLOSED,-5.000000,-5.000000,-5.000000,-5.000000
0.029400,CLOSED,-5.000000,-5.000000,-5.000000,-5.000000
0.029450,CLOSED,-5.000000,-5.000000,-5.000000,-5.000000
0.029500,CLOSED,-5.000000,-5.000000,-5.000000,-5.000000
0.029550,CLOSED,-5.000000,-5.000000,-5.000000,-5.000000
0.029600,CLOSED,-5.000000,-5.000000,-5.000000,-5.000000
0.029650,CLOSED,-5.000000,-5.000000,-5.000000,-5.000000
0.029700,CLOSED,-5.000000,-5.000000,-5.000000,-5.000000
0.029750,CLOSED,-5.000000,-5.000000,-5.000000,-5.000000
0.029800,CLOSED,-5.000000,-5.000000,-5.000000,-5.000000
0.029850,CLOSED,-5.000000,-5.000000,-5.000000,-5.000000
0.029900,CLOSED,-5.000000,-5.000000,-5.000000,-5.000000
0.029950,CLOSED,-5.000000,-5.000000,-5.000000,-5.000000
0.030000,CLOSED,-5.000000,-5.000000,-5.000000,-5.000000
0.030050,CLOSED,-5.000000,-5.000000,-5.000000,-5.000000
0.030100,CLOSED,-5.000000,-5.000000,-5.000000,-5.000000
0.030150,CLOSED,-5.000000,-5.000000,-5.000000,-5.000000
0.030200,CLOSED,-5.000000,-5.000000,-5.000000,-5.000000
0.030250,CLOSED,-5.000000,-5.000000,-5.000000,-5.000000
0.030300,CLOSED,-5.000000,-5.000000,-5.000000,-5.000000
0.030350,CLOSED,-5.000000,-5.000000,-5.000000,-5.000000
0.030400,CLOSED,-5.000000,-5.000000,-5.000000,-5.000000
0.030450,CLOSED,-5.000000,-5.000000,-5.000000,-5.000000
0.030500,CLOSED,-5.000000,-5.000000,-5.000000,-5.000000
0.030550,CLOSED,-5.000000,-5.000000,-5.000000,-5.000000
0.030600,CLOSED,-5.000000,-5.000000,-5.000000,-5.000000
0.030650,CLOSED,-5.000000,-5.000000,-5.000000,-5.000000
0.030700,CLOSED,-5.000000,-5.000000,-5.000000,-5.000000
0.030750,CLOSED,-5.000000,-5.000000,-5.000000,-5.000000
0.030800,CLOSED,-5.000000,-5.000000,-5.000000,-5.000000
0.030850,CLOSED,-5.000000,-5.000000,-5.000000,-5.000000
0.030900,CLOSED,-5.000000,-5.000000,-5.000000,-5.000000
0.030950,CLOSED,-5.000000,-5.000000,-5.000000,-5.000000
0.031000,CLOSED,-5.000000,-5.000000,-5.000000,-5.000000
0.031050,CLOSED,-5.000000,-5.000000,-5.000000,-5.000000
0.031100,CLOSED,-5.000000,-5.000000,-5.000000,-5.000000
0.031150,CLOSED,-5.000000,-5.000000,-5.000000,-5.000000
0.031200,CLOSED,-5.000000,-5.000000,-5.000000,-5.000000
0.031250,CLOSED,-5.000000,-5.000000,-5.000000,-5.000000
0.031300,CLOSED,-5.000000,-5.000000,-5.000000,-5.000000
0.031350,CLOSED,-5.000000,-5.000000,-5.000000,-5.000000
0.031400,CLOSED,-5.000000,-5.000000,-5.000000,-5.000000
0.031450,CLOSED,-5.000000,-5.000000,-5.000000,-5.000000
0.031500,CLOSED,-5.000000,-5.000000,-5.000000,-5.000000
0.031550,CLOSED,-5.000000,-5.000000,-5.000000,-5.000000
0.031600,CLOSED,-5.000000,-5.000000,-5.000000,-5.000000
0.031650,CLOSED,-5.000000,-5.000000,-5.000000,-5.000000
0.031700,CLOSED,-5.000000,-5.000000,-5.000000,-5.000000
0.031750,CLOSED,-5.000000,-5.000000,-5.000000,-5.000000
0.031800,CLOSED,-5.000000,-5.000000,-5.000000,-5.000000
0.031850,CLOSED,-5.000000,-5.000000,-5.000000,-5.000000
0.031900,CLOSED,-5.000000,-5.000000,-5.000000,-5.000000
0.031950,CLOSED,-5.000000,-5.000000,-5.000000,-5.000000
0.032000,CLOSED,-5.000000,-5.000000,-5.000000,-5.000000
0.032050,CLOSED,-5.000000,-5.000000,-5.000000,-5.000000
0.032100,CLOSED,-5.000000,-5.000000,-5.000000,-5.000000
0.032150,CLOSED,-5.000000,-5.000000,-5.000000,-5.000000
0.032200,CLOSED,-5.000000,-5.000000,-5.000000,-5.000000
0.032250,CLOSED,-5.000000,-5.000000,-5.000000,-5.000000
0.032300,CLOSED,-5.000000,-5.000000,-5.000000,-5.000000
0.032350,CLOSED,-5.000000,-5.000000,-5.000000,-5.000000
0.032400,CLOSED,-5.000000,-5.000000,-5.000000,-5.000000
0.032450,CLOSED,-5.000000,-5.000000,-5.000000,-5.000000
0.032500,CLOSED,-5.000000,-5.000000,-5.000000,-5.000000
0.032550,CLOSED,-5.000000,-5.000000,-5.000000,-5.000000
0.032600,CLOSED,-5.000000,-5.000000,-5.000000,-5.000000
0.032650,CLOSED,-5.000000,-5.000000,-5.000000,-5.000000
0.032700,CLOSED,-5.000000,-5.000000,-5.000000,-5.000000
0.032750,CLOSED,-5.000000,-5.000000,-5.000000,-5.000000
0.032800,CLOSED,-5.000000,-5.000000,-5.000000,-5.000000
0.032850,CLOSED,-5.000000,-5.000000,-5.000000,-5.000000
0.032900,CLOSED,-5.000000,-5.000000,-5.000000,-5.000000
0.032950,CLOSED,-5.000000,-5.000000,-5.000000,-5.000000
0.033000,CLOSED,-5.000000,-5.000000,-5.000000,-5.000000
0.033050,CLOSED,-5.000000,-5.000000,-5.000000,-5.000000
0.033100,CLOSED,-5.000000,-5.000000,-5.000000,-5.000000
0.033150,CLOSED,-5.000000,-5.000000,-5.000000,-5.000000
0.033200,CLOSED,-5.000000,-5.000000,-5.000000,-5.000000
0.033250,CLOSED,-5.000000,-5.000000,-5.000000,-5.000000
0.033300,CLOSED,-5.000000,-5.000000,-5.000000,-5.000000
0.033350,CLOSED,-5.000000,-5.000000,-5.000000,-5.000000
0.033400,CLOSED,-5.000000,-5.000000,-5.000000,-5.000000
0.033450,CLOSED,-5.000000,-5.000000,-5.000000,-5.000000
0.033500,CLOSED,-5.000000,-5.000000,-5.000000,-5.000000
0.033550,CLOSED,-5.000000,-5.000000,-5.000000,-5.000000
0.033600,CLOSED,-5.000000,-5.000000,-5.000000,-5.000000
0.033650,CLOSED,-5.000000,-5.000000,-5.000000,-5.000000
0.033700,CLOSED,-5.000000,-5.000000,-5.000000,-5.000000
0.033750,CLOSED,-5.000000,-5.000000,-5.000000,-5.000000
0.033800,CLOSED,-5.000000,-5.000000,-5.000000,-5.000000
0.033850,CLOSED,-5.000000,-5.000000,-5.000000,-5.000000
0.033900,CLOSED,-5.000000,-5.000000,-5.000000,-5.000000
0.033950,CLOSED,-5.000000,-5.000000,-5.000000,-5.000000
0.034000,CLOSED,-5.000000,-5.000000,-5.000000,-5.000000
0.034050,CLOSED,-5.000000,-5.000000,-5.000000,-5.000000
0.034100,CLOSED,-5.000000,-5.000000,-5.000000,-5.000000
0.034150,CLOSED,-5.000000,-5.000000,-5.000000,-5.000000
0.034200,CLOSED,-5.000000,-5.000000,-5.000000,-5.000000
0.034250,CLOSED,-5.000000,-5.000000,-5.000000,-5.000000
0.034300,CLOSED,-5.000000,-5.000000,-5.000000,-5.000000
0.034350,CLOSED,-5.000000,-5.000000,-5.000000,-5.000000
0.034400,CLOSED,-5.000000,-5.000000,-5.000000,-5.000000
0.034450,CLOSED,-5.000000,-5.000000,-5.000000,-5.000000
0.034500,CLOSED,-5.000000,-5.000000,-5.000000,-5.000000
0.034550,CLOSED,-5.000000,-5.000000,-5.000000,-5.000000
0.034600,CLOSED,-5.000000,-5.000000,-5.000000,-5.000000
0.034650,CLOSED,-5.000000,-5.000000,-5.000000,-5.000000
0.034700,CLOSED,-5.000000,-5.000000,-5.000000,-5.000000
0.034750,CLOSED,-5.000000,-5.000000,-5.000000,-5.000000
0.034800,CLOSED,-5.000000,-5.000000,-5.000000,-5.000000
0.034850,CLOSED,-5.000000,-5.000000,-5.000000,-5.000000
0.034900,CLOSED,-5.000000,-5.000000,-5.000000,-5.000000
0.034950,CLOSED,-5.000000,-5.000000,-5.000000,-5.000000
0.035000,CLOSED,-5.000000,-5.000000,-5.000000,-5.000000
0.035050,CLOSED,-5.000000,-5.000000,-5.000000,-5.000000
0.035100,CLOSED,-5.000000,-5.000000,-5.000000,-5.000000
0.035150,CLOSED,-5.000000,-5.000000,-5.000000,-5.000000
0.035200,CLOSED,-5.000000,-5.000000,-5.000000,-5.000000
0.035250,CLOSED,-5.000000,-5.000000,-5.000000,-5.000000
0.035300,CLOSED,-5.000000,-5.000000,-5.000000,-5.000000
0.035350,CLOSED,-5.000000,-5.000000,-5.000000,-5.000000
0.035400,CLOSED,-5.000000,-5.000000,-5.000000,-5.000000
0.035450,CLOSED,-5.000000,-5.000000,-5.000000,-5.000000
0.035500,CLOSED,-5.000000,-5.000000,-5.000000,-5.000000
0.035550,CLOSED,-5.000000,-5.000000,-5.000000,-5.000000
0.035600,CLOSED,-5.000000,-5.000000,-5.000000,-5.000000
0.035650,CLOSED,-5.000000,-5.000000,-5.000000,-5.000000
0.035700,CLOSED,-5.000000,-5.000000,-5.000000,-5.000000
0.035750,CLOSED,-5.000000,-5.000000,-5.000000,-5.000000
0.035800,CLOSED,-5.000000,-5.000000,-5.000000,-5.000000
0.035850,CLOSED,-5.000000,-5.000000,-5.000000,-5.000000
0.035900,CLOSED,-5.000000,-5.000000,-5.000000,-5.000000
0.035950,CLOSED,-5.000000,-5.000000,-5.000000,-5.000000
0.036000,CLOSED,-5.000000,-5.000000,-5.000000,-5.000000
0.036050,CLOSED,-5.000000,-5.000000,-5.000000,-5.000000
0.036100,CLOSED,-5.000000,-5.000000,-5.000000,-5.000000
0.036150,CLOSED,-5.000000,-5.000000,-5.000000,-5.000000
0.036200,CLOSED,-5.000000,-5.000000,-5.000000,-5.000000
0.036250,CLOSED,-5.000000,-5.000000,-5.000000,-5.000000
0.036300,CLOSED,-5.000000,-5.000000,-5.000000,-5.000000
0.036350,CLOSED,-5.000000,-5.000000,-5.000000,-5.000000
0.036400,CLOSED,-5.000000,-5.000000,-5.000000,-5.000000
0.036450,CLOSED,-5.000000,-5.000000,-5.000000,-5.000000
0.036500,CLOSED,-5.000000,-5.000000,-5.000000,-5.000000
0.036550,CLOSED,-5.000000,-5.000000,-5.000000,-5.000000
0.036600,CLOSED,-5.000000,-5.000000,-5.000000,-5.000000
0.036650,CLOSED,-5.000000,-5.000000,-5.000000,-5.000000
0.036700,CLOSED,-5.000000,-5.000000,-5.000000,-5.000000
0.036750,CLOSED,-5.000000,-5.000000,-5.000000,-5.000000
0.036800,CLOSED,-5.000000,-5.000000,-5.000000,-5.000000
0.036850,CLOSED,-5.000000,-5.000000,-5.000000,-5.000000
0.036900,CLOSED,-5.000000,-5.000000,-5.000000,-5.000000
0.036950,CLOSED,-5.000000,-5.000000,-5.000000,-5.000000
0.037000,CLOSED,-5.000000,-5.000000,-5.000000,-5.000000
0.037050,CLOSED,-5.000000,-5.000000,-5.000000,-5.000000
0.037100,CLOSED,-5.000000,-5.000000,-5.000000,-5.000000
0.037150,CLOSED,-5.000000,-5.000000,-5.000000,-5.000000
0.037200,CLOSED,-5.000000,-5.000000,-5.000000,-5.000000
0.037250,CLOSED,-5.000000,-5.000000,-5.000000,-5.000000
0.037300,CLOSED,-5.000000,-5.000000,-5.000000,-5.000000
0.037350,CLOSED,-5.000000,-5.000000,-5.000000,-5.000000
0.037400,CLOSED,-5.000000,-5.000000,-5.000000,-5.000000
0.037450,CLOSED,-5.000000,-5.000000,-5.000000,-5.000000
0.037500,CLOSED,-5.000000,-5.000000,-5.000000,-5.000000
0.037550,CLOSED,-5.000000,-5.000000,-5.000000,-5.000000
0.037600,CLOSED,-5.000000,-5.000000,-5.000000,-5.000000
0.037650,CLOSED,-5.000000,-5.000000,-5.000000,-5.000000
0.037700,CLOSED,-5.000000,-5.000000,-5.000000,-5.000000
0.037750,CLOSED,-5.000000,-5.000000,-5.000000,-5.000000
0.037800,CLOSED,-5.000000,-5.000000,-5.000000,-5.000000
0.037850,CLOSED,-5.000000,-5.000000,-5.000000,-5.000000
0.037900,CLOSED,-5.000000,-5.000000,-5.000000,-5.000000
0.037950,CLOSED,-5.000000,-5.000000,-5.000000,-5.000000
0.038000,CLOSED,-5.000000,-5.000000,-5.000000,-5.000000
0.038050,CLOSED,-5.000000,-5.000000,-5.000000,-5.000000
0.038100,CLOSED,-5.000000,-5.000000,-5.000000,-5.000000
0.038150,CLOSED,-5.000000,-5.000000,-5.000000,-5.000000
0.038200,CLOSED,-5.000000,-5.000000,-5.000000,-5.000000
0.038250,CLOSED,-5.000000,-5.000000,-5.000000,-5.000000
0.038300,CLOSED,-5.000000,-5.000000,-5.000000,-5.000000
0.038350,CLOSED,-5.000000,-5.000000,-5.000000,-5.000000
0.038400,CLOSED,-5.000000,-5.000000,-5.000000,-5.000000
0.038450,CLOSED,-5.000000,-5.000000,-5.000000,-5.000000
0.038500,CLOSED,-5.000000,-5.000000,-5.000000,-5.000000
0.038550,CLOSED,-5.000000,-5.000000,-5.000000,-5.000000
0.038600,CLOSED,-5.000000,-5.000000,-5.000000,-5.000000
0.038650,CLOSED,-5.000000,-5.000000,-5.000000,-5.000000
0.038700,CLOSED,-5.000000,-5.000000,-5.000000,-5.000000
0.038750,CLOSED,-5.000000,-5.000000,-5.000000,-5.000000
0.038800,CLOSED,-5.000000,-5.000000,-5.000000,-5.000000
0.038850,CLOSED,-5.000000,-5.000000,-5.000000,-5.000000
0.038900,CLOSED,-5.000000,-5.000000,-5.000000,-5.000000
0.038950,CLOSED,-5.000000,-5.000000,-5.000000,-5.000000
0.039000,CLOSED,-5.000000,-5.000000,-5.000000,-5.000000
0.039050,CLOSED,-5.000000,-5.000000,-5.000000,-5.000000
0.039100,CLOSED,-5.000000,-5.000000,-5.000000,-5.000000
0.039150,CLOSED,-5.000000,-5.000000,-5.000000,-5.000000
0.039200,CLOSED,-5.000000,-5.000000,-5.000000,-5.000000
0.039250,CLOSED,-5.000000,-5.000000,-5.000000,-5.000000
0.039300,CLOSED,-5.000000,-5.000000,-5.000000,-5.000000
0.039350,CLOSED,-5.000000,-5.000000,-5.000000,-5.000000
0.039400,CLOSED,-5.000000,-5.000000,-5.000000,-5.000000
0.039450,CLOSED,-5.000000,-5.000000,-5.000000,-5.000000
0.039500,CLOSED,-5.000000,-5.000000,-5.000000,-5.000000
0.039550,CLOSED,-5.000000,-5.000000,-5.000000,-5.000000
0.039600,CLOSED,-5.000000,-5.000000,-5.000000,-5.000000
0.039650,CLOSED,-5.000000,-5.000000,-5.000000,-5.000000
0.039700,CLOSED,-5.000000,-5.000000,-5.000000,-5.000000
0.039750,CLOSED,-5.000000,-5.000000,-5.000000,-5.000000
0.039800,CLOSED,-5.000000,-5.000000,-5.000000,-5.000000
0.039850,CLOSED,-5.000000,-5.000000,-5.000000,-5.000000
0.039900,CLOSED,-5.000000,-5.000000,-5.000000,-5.000000
0.039950,CLOSED,-5.000000,-5.000000,-5.000000,-5.000000
0.040000,CLOSED,-5.000000,-5.000000,-5.000000,-5.000000
0.040050,CLOSED,-5.000000,-5.000000,-5.000000,-5.000000
0.040100,CLOSED,-5.000000,-5.000000,-5.000000,-5.000000
0.040150,CLOSED,-5.000000,-5.000000,-5.000000,-5.000000
0.040200,CLOSED,-5.000000,-5.000000,-5.000000,-5.000000
0.040250,CLOSED,-5.000000,-5.000000,-5.000000,-5.000000
0.040300,CLOSED,-5.000000,-5.000000,-5.000000,-5.000000
0.040350,CLOSED,-5.000000,-5.000000,-5.000000,-5.000000
0.040400,CLOSED,-5.000000,-5.000000,-5.000000,-5.000000
0.040450,CLOSED,-5.000000,-5.000000,-5.000000,-5.000000
0.040500,CLOSED,-5.000000,-5.000000,-5.000000,-5.000000
0.040550,CLOSED,-5.000000,-5.000000,-5.000000,-5.000000
0.040600,CLOSED,-5.000000,-5.000000,-5.000000,-5.000000
0.040650,CLOSED,-5.000000,-5.000000,-5.000000,-5.000000
0.040700,CLOSED,-5.000000,-5.000000,-5.000000,-5.000000
0.040750,CLOSED,-5.000000,-5.000000,-5.000000,-5.000000
0.040800,CLOSED,-5.000000,-5.000000,-5.000000,-5.000000
0.040850,CLOSED,-5.000000,-5.000000,-5.000000,-5.000000
0.040900,CLOSED,-5.000000,-5.000000,-5.000000,-5.000000
0.040950,CLOSED,-5.000000,-5.000000,-5.000000,-5.000000
0.041000,CLOSED,-5.000000,-5.000000,-5.000000,-5.000000
0.041050,CLOSED,-5.000000,-5.000000,-5.000000,-5.000000
0.041100,CLOSED,-5.000000,-5.000000,-5.000000,-5.000000
0.041150,CLOSED,-5.000000,-5.000000,-5.000000,-5.000000
0.041200,CLOSED,-5.000000,-5.000000,-5.000000,-5.000000
0.041250,CLOSED,-5.000000,-5.000000,-5.000000,-5.000000
0.041300,CLOSED,-5.000000,-5.000000,-5.000000,-5.000000
0.041350,CLOSED,-5.000000,-5.000000,-5.000000,-5.000000
0.041400,CLOSED,-5.000000,-5.000000,-5.000000,-5.000000
0.041450,CLOSED,-5.000000,-5.000000,-5.000000,-5.000000
0.041500,CLOSED,-5.000000,-5.000000,-5.000000,-5.000000
0.041550,CLOSED,-5.000000,-5.000000,-5.000000,-5.000000
0.041600,CLOSED,-5.000000,-5.000000,-5.000000,-5.000000
0.041650,CLOSED,-5.000000,-5.000000,-5.000000,-5.000000
0.041700,CLOSED,-5.000000,-5.000000,-5.000000,-5.000000
0.041750,CLOSED,-5.000000,-5.000000,-5.000000,-5.000000
0.041800,CLOSED,-5.000000,-5.000000,-5.000000,-5.000000
0.041850,CLOSED,-5.000000,-5.000000,-5.000000,-5.000000
0.041900,CLOSED,-5.000000,-5.000000,-5.000000,-5.000000
0.041950,CLOSED,-5.000000,-5.000000,-5.000000,-5.000000
0.042000,CLOSED,-5.000000,-5.000000,-5.000000,-5.000000
0.042050,CLOSED,-5.000000,-5.000000,-5.000000,-5.000000
0.042100,CLOSED,-5.000000,-5.000000,-5.000000,-5.000000
0.042150,CLOSED,-5.000000,-5.000000,-5.000000,-5.000000
0.042200,CLOSED,-5.000000,-5.000000,-5.000000,-5.000000
0.042250,CLOSED,-5.000000,-5.000000,-5.000000,-5.000000
0.042300,CLOSED,-5.000000,-5.000000,-5.000000,-5.000000
0.042350,CLOSED,-5.000000,-5.000000,-5.000000,-5.000000
0.042400,CLOSED,-5.000000,-5.000000,-5.000000,-5.000000
0.042450,CLOSED,-5.000000,-5.000000,-5.000000,-5.000000
0.042500,CLOSED,-5.000000,-5.000000,-5.000000,-5.000000
0.042550,CLOSED,-5.000000,-5.000000,-5.000000,-5.000000
0.042600,CLOSED,-5.000000,-5.000000,-5.000000,-5.000000
0.042650,CLOSED,-5.000000,-5.000000,-5.000000,-5.000000
0.042700,CLOSED,-5.000000,-5.000000,-5.000000,-5.000000
0.042750,CLOSED,-5.000000,-5.000000,-5.000000,-5.000000
0.042800,CLOSED,-5.000000,-5.000000,-5.000000,-5.000000
0.042850,CLOSED,-5.000000,-5.000000,-5.000000,-5.000000
0.042900,CLOSED,-5.000000,-5.000000,-5.000000,-5.000000
0.042950,CLOSED,-5.000000,-5.000000,-5.000000,-5.000000
0.043000,CLOSED,-5.000000,-5.000000,-5.000000,-5.000000
0.043050,CLOSED,-5.000000,-5.000000,-5.000000,-5.000000
0.043100,CLOSED,-5.000000,-5.000000,-5.000000,-5.000000
0.043150,CLOSED,-5.000000,-5.000000,-5.000000,-5.000000
0.043200,CLOSED,-5.000000,-5.000000,-5.000000,-5.000000
0.043250,CLOSED,-5.000000,-5.000000,-5.000000,-5.000000
0.043300,CLOSED,-5.000000,-5.000000,-5.000000,-5.000000
0.043350,CLOSED,-5.000000,-5.000000,-5.000000,-5.000000
0.043400,CLOSED,-5.000000,-5.000000,-5.000000,-5.000000
0.043450,CLOSED,-5.000000,-5.000000,-5.000000,-5.000000
0.043500,CLOSED,-5.000000,-5.000000,-5.000000,-5.000000
0.043550,CLOSED,-5.000000,-5.000000,-5.000000,-5.000000
0.043600,CLOSED,-5.000000,-5.000000,-5.000000,-5.000000
0.043650,CLOSED,-5.000000,-5.000000,-5.000000,-5.000000
0.043700,CLOSED,-5.000000,-5.000000,-5.000000,-5.000000
0.043750,CLOSED,-5.000000,-5.000000,-5.000000,-5.000000
0.043800,CLOSED,-5.000000,-5.000000,-5.000000,-5.000000
0.043850,CLOSED,-5.000000,-5.000000,-5.000000,-5.000000
0.043900,CLOSED,-5.000000,-5.000000,-5.000000,-5.000000
0.043950,CLOSED,-5.000000,-5.000000,-5.000000,-5.000000
0.044000,CLOSED,-5.000000,-5.000000,-5.000000,-5.000000
0.044050,CLOSED,-5.000000,-5.000000,-5.000000,-5.000000
0.044100,CLOSED,-5.000000,-5.000000,-5.000000,-5.000000
0.044150,CLOSED,-5.000000,-5.000000,-5.000000,-5.000000
0.044200,CLOSED,-5.000000,-5.000000,-5.000000,-5.000000
0.044250,CLOSED,-5.000000,-5.000000,-5.000000,-5.000000
0.044300,CLOSED,-5.000000,-5.000000,-5.000000,-5.000000
0.044350,CLOSED,-5.000000,-5.000000,-5.000000,-5.000000
0.044400,CLOSED,-5.000000,-5.000000,-5.000000,-5.000000
0.044450,CLOSED,-5.000000,-5.000000,-5.000000,-5.000000
0.044500,CLOSED,-5.000000,-5.000000,-5.000000,-5.000000
0.044550,CLOSED,-5.000000,-5.000000,-5.000000,-5.000000
0.044600,CLOSED,-5.000000,-5.000000,-5.000000,-5.000000
0.044650,CLOSED,-5.000000,-5.000000,-5.000000,-5.000000
0.044700,CLOSED,-5.000000,-5.000000,-5.000000,-5.000000
0.044750,CLOSED,-5.000000,-5.000000,-5.000000,-5.000000
0.044800,CLOSED,-5.000000,-5.000000,-5.000000,-5.000000
0.044850,CLOSED,-5.000000,-5.000000,-5.000000,-5.000000
0.044900,CLOSED,-5.000000,-5.000000,-5.000000,-5.000000
0.044950,CLOSED,-5.000000,-5.000000,-5.000000,-5.000000
0.045000,CLOSED,-5.000000,-5.000000,-5.000000,-5.000000
0.045050,CLOSED,-5.000000,-5.000000,-5.000000,-5.000000
0.045100,CLOSED,-5.000000,-5.000000,-5.000000,-5.000000
0.045150,CLOSED,-5.000000,-5.000000,-5.000000,-5.000000
0.045200,CLOSED,-5.000000,-5.000000,-5.000000,-5.000000
0.045250,CLOSED,-5.000000,-5.000000,-5.000000,-5.000000
0.045300,CLOSED,-5.000000,-5.000000,-5.000000,-5.000000
0.045350,CLOSED,-5.000000,-5.000000,-5.000000,-5.000000
0.045400,CLOSED,-5.000000,-5.000000,-5.000000,-5.000000
0.045450,CLOSED,-5.000000,-5.000000,-5.000000,-5.000000
0.045500,CLOSED,-5.000000,-5.000000,-5.000000,-5.000000
0.045550,CLOSED,-5.000000,-5.000000,-5.000000,-5.000000
0.045600,CLOSED,-5.000000,-5.000000,-5.000000,-5.000000
0.045650,CLOSED,-5.000000,-5.000000,-5.000000,-5.000000
0.045700,CLOSED,-5.000000,-5.000000,-5.000000,-5.000000
0.045750,CLOSED,-5.000000,-5.000000,-5.000000,-5.000000
0.045800,CLOSED,-5.000000,-5.000000,-5.000000,-5.000000
0.045850,CLOSED,-5.000000,-5.000000,-5.000000,-5.000000
0.045900,CLOSED,-5.000000,-5.000000,-5.000000,-5.000000
0.045950,CLOSED,-5.000000,-5.000000,-5.000000,-5.000000
0.046000,CLOSED,-5.000000,-5.000000,-5.000000,-5.000000
0.046050,CLOSED,-5.000000,-5.000000,-5.000000,-5.000000
0.046100,CLOSED,-5.000000,-5.000000,-5.000000,-5.000000
0.046150,CLOSED,-5.000000,-5.000000,-5.000000,-5.000000
0.046200,CLOSED,-5.000000,-5.000000,-5.000000,-5.000000
0.046250,CLOSED,-5.000000,-5.000000,-5.000000,-5.000000
0.046300,CLOSED,-5.000000,-5.000000,-5.000000,-5.000000
0.046350,CLOSED,-5.000000,-5.000000,-5.000000,-5.000000
0.046400,CLOSED,-5.000000,-5.000000,-5.000000,-5.000000
0.046450,CLOSED,-5.000000,-5.000000,-5.000000,-5.000000
0.046500,CLOSED,-5.000000,-5.000000,-5.000000,-5.000000
0.046550,CLOSED,-5.000000,-5.000000,-5.000000,-5.000000
0.046600,CLOSED,-5.000000,-5.000000,-5.000000,-5.000000
0.046650,CLOSED,-5.000000,-5.000000,-5.000000,-5.000000
0.046700,CLOSED,-5.000000,-5.000000,-5.000000,-5.000000
0.046750,CLOSED,-5.000000,-5.000000,-5.000000,-5.000000
0.046800,CLOSED,-5.000000,-5.000000,-5.000000,-5.000000
0.046850,CLOSED,-5.000000,-5.000000,-5.000000,-5.000000
0.046900,CLOSED,-5.000000,-5.000000,-5.000000,-5.000000
0.046950,CLOSED,-5.000000,-5.000000,-5.000000,-5.000000
0.047000,CLOSED,-5.000000,-5.000000,-5.000000,-5.000000
0.047050,CLOSED,-5.000000,-5.000000,-5.000000,-5.000000
0.047100,CLOSED,-5.000000,-5.000000,-5.000000,-5.000000
0.047150,CLOSED,-5.000000,-5.000000,-5.000000,-5.000000
0.047200,CLOSED,-5.000000,-5.000000,-5.000000,-5.000000
0.047250,CLOSED,-5.000000,-5.000000,-5.000000,-5.000000
0.047300,CLOSED,-5.000000,-5.000000,-5.000000,-5.000000
0.047350,CLOSED,-5.000000,-5.000000,-5.000000,-5.000000
0.047400,CLOSED,-5.000000,-5.000000,-5.000000,-5.000000
0.047450,CLOSED,-5.000000,-5.000000,-5.000000,-5.000000
0.047500,CLOSED,-5.000000,-5.000000,-5.000000,-5.000000
0.047550,CLOSED,-5.000000,-5.000000,-5.000000,-5.000000
0.047600,CLOSED,-5.000000,-5.000000,-5.000000,-5.000000
0.047650,CLOSED,-5.000000,-5.000000,-5.000000,-5.000000
0.047700,CLOSED,-5.000000,-5.000000,-5.000000,-5.000000
0.047750,CLOSED,-5.000000,-5.000000,-5.000000,-5.000000
0.047800,CLOSED,-5.000000,-5.000000,-5.000000,-5.000000
0.047850,CLOSED,-5.000000,-5.000000,-5.000000,-5.000000
0.047900,CLOSED,-5.000000,-5.000000,-5.000000,-5.000000
0.047950,CLOSED,-5.000000,-5.000000,-5.000000,-5.000000
0.048000,CLOSED,-5.000000,-5.000000,-5.000000,-5.000000
0.048050,CLOSED,-5.000000,-5.000000,-5.000000,-5.000000
0.048100,CLOSED,-5.000000,-5.000000,-5.000000,-5.000000
0.048150,CLOSED,-5.000000,-5.000000,-5.000000,-5.000000
0.048200,CLOSED,-5.000000,-5.000000,-5.000000,-5.000000
0.048250,CLOSED,-5.000000,-5.000000,-5.000000,-5.000000
0.048300,CLOSED,-5.000000,-5.000000,-5.000000,-5.000000
0.048350,CLOSED,-5.000000,-5.000000,-5.000000,-5.000000
0.048400,CLOSED,-5.000000,-5.000000,-5.000000,-5.000000
0.048450,CLOSED,-5.000000,-5.000000,-5.000000,-5.000000
0.048500,CLOSED,-5.000000,-5.000000,-5.000000,-5.000000
0.048550,CLOSED,-5.000000,-5.000000,-5.000000,-5.000000
0.048600,CLOSED,-5.000000,-5.000000,-5.000000,-5.000000
0.048650,CLOSED,-5.000000,-5.000000,-5.000000,-5.000000
0.048700,CLOSED,-5.000000,-5.000000,-5.000000,-5.000000
0.048750,CLOSED,-5.000000,-5.000000,-5.000000,-5.000000
0.048800,CLOSED,-5.000000,-5.000000,-5.000000,-5.000000
0.048850,CLOSED,-5.000000,-5.000000,-5.000000,-5.000000
0.048900,CLOSED,-5.000000,-5.000000,-5.000000,-5.000000
0.048950,CLOSED,-5.000000,-5.000000,-5.000000,-5.000000
0.049000,CLOSED,-5.000000,-5.000000,-5.000000,-5.000000
0.049050,CLOSED,-5.000000,-5.000000,-5.000000,-5.000000
0.049100,CLOSED,-5.000000,-5.000000,-5.000000,-5.000000
0.049150,CLOSED,-5.000000,-5.000000,-5.000000,-5.000000
0.049200,CLOSED,-5.000000,-5.000000,-5.000000,-5.000000
0.049250,CLOSED,-5.000000,-5.000000,-5.000000,-5.000000
0.049300,CLOSED,-5.000000,-5.000000,-5.000000,-5.000000
0.049350,CLOSED,-5.000000,-5.000000,-5.000000,-5.000000
0.049400,CLOSED,-5.000000,-5.000000,-5.000000,-5.000000
0.049450,CLOSED,-5.000000,-5.000000,-5.000000,-5.000000
0.049500,CLOSED,-5.000000,-5.000000,-5.000000,-5.000000
0.049550,CLOSED,-5.000000,-5.000000,-5.000000,-5.000000
0.049600,CLOSED,-5.000000,-5.000000,-5.000000,-5.000000
0.049650,CLOSED,-5.000000,-5.000000,-5.000000,-5.000000
0.049700,CLOSED,-5.000000,-5.000000,-5.000000,-5.000000
0.049750,CLOSED,-5.000000,-5.000000,-5.000000,-5.000000
0.049800,CLOSED,-5.000000,-5.000000,-5.000000,-5.000000
0.049850,CLOSED,-5.000000,-5.000000,-5.000000,-5.000000
0.049900,CLOSED,-5.000000,-5.000000,-5.000000,-5.000000
0.049950,CLOSED,-5.000000,-5.000000,-5.000000,-5.000000
